{"accuracy": 0.998900388040445, "precision": 0.5737410071942446, "recall": 0.9731543624161074, "f1_score": 0.7218827789092555}