{"accuracy": 0.9388834062381729, "precision": 0.023363884639032273, "recall": 0.9969493593654668, "f1_score": 0.04565776237845088}